,Ticker,Name,Currency,Sector,Industry,Exchange,currentSharePrice,week52High,week52Low,changeFromHigh,changeFromLow,marketCapMil,volume10DAvg,eps,epsGrowthRate,pe,priceToSales,petoGrowth,dividendYeild,revenueMil,revenueGrowthRate,nettMargin,gpMargin,roe,roa,de,rndtorev,numOfSharesMil,drawDown,dailyReturns,Close,Day5AvgVol,Day10AvgVol,Volume,returnsFromNov,YearlyReturn,QuarterlyReturn,MonthlyReturn,RSI14,SMA10,SMA50,MOM14,fastk,fastd,turnaround,afterHowManyDays,conseqNegativeDays
0,AGN,Allergan plc,USD,Healthcare,Drug Manufacturers - Other,NYSE,240.69,258.693254,187.3498216,0.074798513,0.221613604,92424.96,1847378.6,38.18,2.814185814,6.304085909,6.343250106,0.0224011,0.0,14570.6,0.148367368,1.027644709,0.872290777,0.196520139,0.116085197,0.430076635,0.176773777,384.0,-0.77688854187,-0.77688854187,254.16,1963698.4,1721812.7,1905615.0,0.227617501616,-0.00547816559712,0.0422373492988,0.0301973977544,68.5994822702,250.401,237.4666,13.47,84.2763549732,91.0399906552,False,0.0,1.0
1,CPT,CAMDEN PROPERTY TRUST,USD,Financial,REIT - Residential,NYSE,86.2,88.31100829,73.9533911,0.024489655,0.142072029,7671.8,496332.2,9.08,2.277978339,9.49339207,8.610093555,0.041674637,0.084106729,891.024,0.057030666,0.920090817,0.618048448,0.271926214,0.135999059,0.82278358,0.0,89.0,-0.951410125722,-0.951410125722,87.45,844378.0,674087.8,966226.0,0.116398983935,0.00737242253197,0.0621887525811,0.0153256704981,53.2068896997,87.75,86.0026,1.25,68.8495575221,81.6637168142,False,0.0,1.0
2,HIW,HIGHWOODS PROPERTIES INC,USD,Financial,REIT - Office,NYSE,50.1,53.85591927,45.06118659,0.074968449,0.100575118,4909.8,629066.4,5.3,4.3,9.452830189,7.376125619,0.021983326,0.033932136,665.634,0.100820115,0.787655078,0.652834741,0.263256865,0.114949409,0.978154737,0.0,98.0,-0.701617618398,-0.701617618398,50.95,541303.8,470855.8,585054.0,0.0674761182481,-0.0749818445897,0.00137578616352,-0.0110636645963,52.6952456921,50.497,50.9218,0.85,79.649122807,67.1605317067,False,0.0,1.0
3,EQM,"EQT Midstream Partners, LP",USD,Basic Materials,Oil & Gas Pipelines,NYSE,76.0,82.99,69.2,0.091973684,0.089473684,6004.0,272734.0,5.21,0.106157113,14.58733205,8.161889252,1.374126679,0.040131579,735.614,0.162224933,0.731299296,0.900473618,0.269846716,0.174896614,0.494459643,0.0,79.0,,,,,,,,,,,,,,,,,,,
4,SLRC,Solar Capital Ltd.,USD,Financial,"Management Investment Offices, Open-En",NASDAQ,21.84,22.49383288,17.83614401,0.029937403,0.183326739,917.28,101557.0,2.53,6.666666667,8.632411067,6.041135677,0.012948617,0.073260073,151.839,0.31394081,0.703475392,0.697771982,0.116291983,0.06471491,0.421677788,0.0,42.0,-0.364464692483,-0.364464692483,21.87,82572.4,73929.5,58647.0,0.166315587696,0.0848214285714,-0.041209995616,0.00922934933087,50.6422976212,21.879,21.7942,0.03,52.6315789474,56.7763157895,False,0.0,1.0
5,AVB,AVALONBAY COMMUNITIES INC,USD,Financial,REIT - Residential,NYSE,189.3,197.6422944,156.1505933,0.044069173,0.175115725,25934.1,642398.6,7.53,0.359205776,25.13944223,12.68013035,0.699861859,0.028526149,2045.255,0.101952665,0.505561409,0.665922342,0.101657626,0.057871289,0.691239057,0.0,137.0,-0.298241942235,-0.298241942235,190.55,532551.2,510332.1,663655.0,0.135353154958,0.0453697608075,0.00373999157185,-0.010284111567,50.2676757247,189.626,192.0216,1.25,82.8690807799,61.1950288962,False,0.0,1.0
6,RAI,REYNOLDS AMERICAN INC,USD,Consumer Goods,Cigarettes,NYSE,64.58,67.21452022,45.17431853,0.040794677,0.300490577,92026.5,4173708.7,4.26,0.657587549,15.15962441,7.360353515,0.230533933,0.02725302,12503.0,0.171241218,0.485723426,0.612812925,0.279719958,0.118857031,0.606374649,0.0,1425.0,,,,,,,,,,,,,,,,,,,
7,TEP,"Tallgrass Energy Partners, LP",USD,Basic Materials,Oil & Gas Pipelines,NYSE,50.68,55.5,42.59,0.095106551,0.159629045,3598.28,212447.0,2.26,0.158974359,22.42477876,5.946371145,1.410590922,0.057221784,605.122,0.128544173,0.435497305,0.655649605,0.1832409,0.087291001,0.979018271,0.0,71.0,,,,,,,,,,,,,,,,,,,
8,EGP,EASTGROUP PROPERTIES INC,USD,Financial,REIT - Industrial,NYSE,81.5,86.35,62.85675466,0.059509202,0.228751477,2608.0,232813.9,2.93,0.966442953,27.81569966,10.30638577,0.287815226,0.02993865,253.047,0.076759089,0.377435812,0.706192921,0.149780212,0.052311799,1.727144988,0.0,32.0,,0.265374408677,86.9,197039.8,185883.5,178499.0,0.316820918876,0.190737188271,0.11054313099,0.0316989196248,66.5245462621,84.61,83.353,5.4,89.0052356021,85.1659439059,True,0.0,0.0
9,MA,Mastercard Inc,USD,Financial,Credit Services,NYSE,122.2,125.6733388,87.88325613,0.028423394,0.280824418,134175.6,2916758.5,3.7,0.101190476,33.02702703,12.4513363,3.263847377,0.006219313,10776.0,0.114720182,0.376670379,1.0,0.717644979,0.217349398,0.915841584,0.0,1098.0,-1.57263913276,-1.57263913276,128.93,3634640.8,3140884.7,4912025.0,0.245601452171,0.342880949901,0.10840784044,0.0330101754667,63.3664231622,128.737,123.6198,6.73,68.5043694418,89.4925476757,False,0.0,1.0
10,FB,Facebook Inc,USD,Technology,Internet Information Providers,NASDAQ,151.44,155.07,115.05,0.023969889,0.240293185,433572.72,16424971.7,3.56,1.717557252,42.53932584,15.68755771,0.247673408,0.0,27638.0,0.541610888,0.36967219,0.862906144,0.172601953,0.157278983,0.0,0.214161661,2863.0,,2.91649055009,170.44,27680192.6,23497226.8,68065163.0,0.276293436293,0.36352,0.134376039933,0.112242234404,78.4122108267,164.299,154.1916,19.0,78.9407839867,92.5428044621,True,0.0,0.0
11,MKTX,MARKETAXESS HOLDINGS INC,USD,Financial,Investment Brokerage - National,NASDAQ,194.04,207.93,145.0202484,0.071583179,0.252627044,6985.44,163718.7,3.42,0.305343511,56.73684211,18.88370157,1.858131579,0.00535972,369.919,0.220460049,0.341080074,1.0,0.269590802,0.238943114,0.0,0.0,36.0,,0.180355837192,205.52,242681.0,240062.8,186876.0,0.352040254866,0.286429644467,0.0675254519011,0.0186360031721,64.5881391867,196.457,196.7774,11.48,81.6864295125,64.9506034452,True,0.0,0.0
12,DHIL,DIAMOND HILL INVESTMENT GROUP INC,USD,Financial,Asset Management,NASDAQ,201.05,212.79,167.4938633,0.058393434,0.166904435,603.15,9399.1,13.52,0.195402299,14.87056213,4.431567766,0.761022885,0.029843323,136.103075,0.093847671,0.338360636,1.0,0.330775382,0.2305849,0.0,0.0,3.0,-1.76782852564,-1.76782852564,196.15,13606.2,10591.4,25613.0,0.132597131841,0.0364597093791,-0.0296809300025,-0.0170875927039,41.951274334,197.913,200.3982,-4.9,46.3359477359,35.4907545019,False,0.0,1.0
13,AMGN,AMGEN INC,USD,Healthcare,Biotechnology,NASDAQ,171.43,181.2966857,132.435773,0.057555187,0.227464429,128229.64,2882073.4,10.32,0.127868852,16.61143411,5.577384194,1.299099334,0.023333139,22991.0,0.061351676,0.335870558,0.818972641,0.258476987,0.099476979,1.158025105,0.167021878,748.0,-4.92102065614,-2.1263289556,172.15,3775112.0,3127260.7,5495575.0,0.312112042369,0.00507940214853,0.0540656380113,-0.011030045384,45.6225439147,178.071,167.4906,0.72,13.4217067109,66.9010811292,False,0.0,3.0
14,VRSK,"Verisk Analytics, Inc.",USD,Services,Business Services,NASDAQ,83.65,85.75,76.75,0.025104603,0.082486551,14053.2,913400.1,3.51,0.143322476,23.83190883,7.043504411,1.662817275,0.0,1995.2,0.133185665,0.296311147,0.641940658,0.443710597,0.127655899,1.791504053,0.0,168.0,,0.103376981392,87.15,687230.0,705768.2,713463.0,0.0733876945886,0.018821603928,0.0524091293322,0.0379942829919,71.5052574079,86.352,82.9881,3.5,92.93598234,91.86214928,True,0.0,0.0
15,RNR,RENAISSANCERE HOLDINGS LTD,USD,Financial,Property & Casualty Insurance,NYSE,141.78,149.6874996,114.5223612,0.055773026,0.19225306,5812.98,175190.9,11.5,0.228632479,12.32869565,3.364310407,0.539236408,0.008745944,1727.837,0.140409689,0.291093431,0.692777154,0.10335026,0.040718804,0.194934345,0.0,41.0,-2.997626314,-2.997626314,143.03,299425.2,226541.1,271278.0,0.184235508588,0.221747672333,0.00604909615249,0.017355430685,52.3422420058,143.539,141.2334,1.25,26.0206185567,73.0589711842,False,0.0,1.0
16,DST,DST SYSTEMS INC,USD,Technology,Business Software & Services,NYSE,61.48,62.21,47.03321424,0.01187378,0.234983503,4057.68,458883.7,6.48,0.303822938,9.487654321,2.606590865,0.312275775,0.010735198,1556.7,0.056105834,0.27449091,0.22053061,0.383159971,0.154159752,0.455703013,0.0,66.0,-9.70198675497,-9.46215139442,54.54,721232.6,652935.3,1399411.0,0.283175217924,-0.558951965066,-0.556981561205,-0.117190029136,17.2581624268,60.417,79.8734,-6.94,3.55392156863,11.8905796686,False,0.0,3.0
17,ISRG,INTUITIVE SURGICAL INC,USD,Healthcare,Medical Appliances & Equipment,NASDAQ,944.27,954.16,619.01,0.010473699,0.344456564,35882.26,327292.6,19.21,0.210459987,49.15512754,13.26810383,2.335604413,0.0,2704.4,0.13420567,0.272112114,0.698898092,0.127366818,0.113444018,0.0,0.088596361,38.0,-1.82475215188,-1.27766418409,931.85,510500.4,465177.8,438359.0,0.41091799558,0.350331116231,0.114826468231,-0.0152804049413,47.7251195432,948.233,926.7254,-12.42,20.2215235287,31.4754470056,False,0.0,3.0
18,RYN,RAYONIER INC,USD,Financial,REIT - Diversified,NYSE,28.34,29.33,24.7930063,0.034932957,0.125158564,3457.48,453947.9,1.73,3.675675676,16.38150289,4.386117588,0.044567324,0.035285815,788.278,0.446716122,0.268905132,0.334363004,0.141621324,0.078924401,0.709456877,0.0,122.0,,0.722145804677,29.29,358810.6,346801.0,317324.0,0.14981961078,0.0784241531664,0.0379163713678,0.0159556018037,57.0994821541,29.027,28.6022,0.95,84.2406876791,88.3181844058,True,1.0,0.0
19,XLNX,XILINX INC,USD,Technology,Semiconductor - Integrated Circuits,NASDAQ,65.35,68.07,45.85578869,0.041622035,0.298304687,16468.2,2223286.2,2.47,0.154205607,26.45748988,7.009743203,1.715728132,0.020198929,2349.33,0.061181699,0.264974269,0.698545543,0.248246853,0.131316907,0.578862617,0.25600618,252.0,-2.26576852419,-2.26576852419,63.84,3277594.4,3413565.1,6497922.0,0.288994290624,0.249559600705,0.0115671050547,-0.0328738069989,41.8313272045,65.19,65.7736,-1.51,7.98479087452,19.866976441,False,0.0,1.0
20,PAYX,PAYCHEX INC,USD,Services,Staffing & Outsourcing Services,NASDAQ,57.42,62.36588517,52.82865617,0.086135235,0.079960708,20671.2,2854362.2,2.1,0.129032258,27.34285714,7.002676242,2.119071429,0.029258098,2951.9,0.077493065,0.256377249,0.709644636,0.395878014,0.117500932,0.0,0.0,360.0,,3.49337463431,60.14,2631382.4,2135732.3,6254675.0,0.074679977555,0.0158783783784,0.0145074224022,0.0431916738942,66.8631800187,57.463,58.4018,2.72,74.4813278008,63.6196749979,True,0.0,0.0
21,NVDA,NVIDIA CORP,USD,Technology,Semiconductor - Specialized,NASDAQ,146.76,159.952,50.56567448,0.089888253,0.655453295,79397.16,21741209.8,3.08,1.725663717,47.64935065,11.49018234,0.276121878,0.003270646,6910.0,0.379241517,0.241099855,0.587988423,0.289135717,0.169291739,0.488719195,0.211722142,541.0,-3.30025110606,-3.30025110606,161.74,15680320.6,17808297.0,18888931.0,1.40371237792,1.87896048416,0.550719079578,0.0658319604613,55.7589968834,165.634,151.387238,14.98,61.459882878,84.5766365856,False,0.0,1.0
22,WAT,WATERS CORP,USD,Technology,Scientific & Technical Instruments,NYSE,184.08,186.33,133.71,0.012222947,0.27363103,14726.4,373595.6,6.46,0.133333333,28.49535604,6.794428222,2.137151703,0.0,2167.423,0.061249102,0.240609701,0.588703728,0.22654846,0.11186109,0.793789524,0.057758453,80.0,,0.376636922007,173.23,920994.4,678399.0,678181.0,0.274175944117,0.102954284987,0.0196597798576,-0.0596058845882,32.5041111925,181.03,181.9322,-10.85,13.0286493861,45.5601547535,True,3.0,0.0
23,MNST,Monster Beverage Corp,USD,Consumer Goods,Beverages - Soft Drinks,NASDAQ,50.7,54.17333333,40.87,0.068507561,0.193885602,29760.9,2336804.6,1.21,0.24742268,41.90082645,9.759614454,1.693491736,0.0,3049.393,0.120044561,0.233713726,0.636848055,0.214038224,0.171587812,0.0,0.0,587.0,,0.858689565055,54.03,1764022.0,1548224.5,2353733.0,0.115157000627,-0.661126442549,0.190612604672,0.0583741429971,73.5140359613,52.595,50.7414,3.33,99.0610328638,96.1085843539,True,0.0,0.0
24,CTO,CONSOLIDATED TOMOKA LAND CO,USD,Financial,Real Estate Development,NYSEMKT,54.9,57.38,47.6377368,0.045173042,0.132281661,274.5,9304.3,2.86,0.986111111,19.1958042,3.862125035,0.194661676,0.002185792,71.074861,0.652992929,0.228649733,0.636439387,0.109601455,0.03977072,1.121188717,0.0,5.0,-0.255334670801,-0.255334670801,54.69,11450.2,10092.2,4654.0,0.10453636371,0.094237695078,0.00848238982113,-0.0378254750176,43.7826971633,55.422,55.3768,-0.21,11.7936117936,14.1031941032,False,0.0,1.0
25,GOOGL,Alphabet Inc.,USD,Technology,Internet Information Providers,NASDAQ,940.81,1004.28,717.78,0.067463143,0.237061681,648218.09,2075998.8,28.32,0.225443531,33.22069209,7.180721486,1.47357043,0.0,90272.0,0.203803224,0.215770117,0.610754165,0.140093213,0.11628865,0.028302022,0.154510812,689.0,-4.58775330308,-1.32599890191,952.51,3222165.6,2300560.5,3685905.0,0.203046630581,0.243745429855,0.0302751698179,-0.00884486113568,43.2931499878,980.378,970.14095,11.7,22.3491971648,62.199431208,False,0.0,3.0
26,CPRT,COPART INC,USD,Services,Auto Dealerships,NASDAQ,30.97,31.81,24.73,0.027123022,0.201485308,7061.16,1340560.8,1.18,0.340909091,26.24576271,5.566766973,0.769875706,0.0,1268.449,0.106772744,0.213142192,0.4293322,0.349096656,0.163872422,0.827021806,0.0,228.0,,0.504413619168,31.88,891654.8,936709.4,611401.0,0.228191796649,-0.367836605195,0.031715210356,0.0117423040305,57.4158204747,31.51,31.1378,0.91,86.8965517241,82.7357842133,True,1.0,0.0
27,STZ,"CONSTELLATION BRANDS, INC.",USD,Consumer Goods,Beverages - Wineries & Distillers,NYSE,193.52,193.92,144.5398541,0.00206697,0.253101208,38510.48,1882239.8,7.79,0.437269373,24.84210526,5.252742276,0.568119032,0.008267879,7331.5,0.119586464,0.209384164,0.481402169,0.222762364,0.08252161,1.340564778,0.0,199.0,,0.558485882718,194.46,1277037.0,1209549.7,1370950.0,0.194433938991,0.188703465982,0.127043004521,0.0586890243902,56.086388413,196.455,187.5136,0.94,26.5223274696,38.9385735981,True,3.0,0.0
28,INTU,INTUIT INC,USD,Technology,Application Software,NASDAQ,131.9,142.4405889,104.4017354,0.079913486,0.208478124,34557.8,1414002.1,3.73,1.869230769,35.36193029,7.362121858,0.189179051,0.009097801,4694.0,0.119751908,0.208564124,0.844482318,0.843238587,0.230352941,0.861326443,0.187686408,262.0,-0.196879101648,-0.196879101648,136.87,953109.4,1031759.2,1188656.0,0.284953410912,0.221617279543,0.0931235524319,0.011080741671,59.4725796198,135.208,136.1092,4.97,87.4813710879,89.8908304653,False,0.0,1.0
29,APO,Apollo Global Management LLC,USD,Financial,Asset Management,NYSE,26.34,28.42,14.25,0.07896735,0.458997722,4820.22,1429920.0,2.11,2.459016393,12.48341232,2.446335334,0.050765877,0.04745634,1970.384,0.891562587,0.204452533,1.0,0.215712964,0.071559856,1.14536007,0.0,183.0,,,,,,,,,,,,,,,,,,,
30,ADBE,ADOBE SYSTEMS INC,USD,Technology,Application Software,NASDAQ,142.22,145.41,96.05,0.022430038,0.324637885,70825.56,2325358.4,2.35,0.865079365,60.51914894,12.09777211,0.699579153,0.0,5854.43,0.220814633,0.199640614,0.859950841,0.157415215,0.09205004,0.254847414,0.166709142,498.0,-2.39017225264,-2.39017225264,146.2,1783112.0,1751233.2,2992238.0,0.386825114625,0.485168630638,0.0931658441753,0.0166191502677,52.872027781,148.255,142.6126,3.98,52.4348810872,82.4458376212,False,0.0,1.0
31,EW,Edwards Lifesciences Corp,USD,Healthcare,Medical Appliances & Equipment,NYSE,118.17,121.36,81.47,0.026995007,0.310569518,25170.21,968578.8,2.67,0.160869565,44.25842697,8.492833283,2.751199514,0.0,2963.7,0.188474957,0.192158451,0.730944428,0.217449408,0.126274945,0.3139748,0.149576543,213.0,,0.648732808581,116.36,1898643.8,1539558.1,3529765.0,0.259456521739,0.0298256482875,0.0610011853743,-0.0171467184728,47.9524864097,117.096,116.5826,-1.81,23.343373494,27.4923869079,True,4.0,0.0
32,REGN,REGENERON PHARMACEUTICALS INC,USD,Healthcare,Biotechnology,NASDAQ,496.5,526.53,336.01,0.060483384,0.323242699,51636.0,1058993.8,8.55,0.385737439,58.07017544,10.62375795,1.505432699,0.0,4860.427,0.184393069,0.184247598,0.938339985,0.201275048,0.128418494,0.108136549,0.422245823,104.0,-1.40022884627,-1.40022884627,508.41,592120.8,624078.8,947102.0,0.481604386091,0.236886920981,0.308682334166,-0.00931428905474,54.3246326213,510.319,487.8254,11.91,52.1739130435,72.9934343628,False,0.0,1.0
33,JKHY,HENRY JACK & ASSOCIATES INC,USD,Technology,Business Software & Services,NASDAQ,103.6,106.21,78.79817804,0.02519305,0.239399826,8184.4,347058.6,3.13,0.203846154,33.09904153,6.04172603,1.623726566,0.01023166,1354.646,0.078376679,0.183713679,0.428890647,0.249813794,0.137078136,0.000200761,0.059966958,79.0,,0.0,106.69,331674.0,295583.0,302021.0,0.334690057392,0.197015595198,0.100804787454,0.0133928571429,65.0847131196,106.076,104.3404,3.09,88.7218045113,86.6707813077,True,0.0,0.0
34,FII,FEDERATED INVESTORS INC,USD,Financial,Asset Management,NYSE,28.92,30.76204963,24.25092039,0.063694662,0.161448119,2949.84,774302.8,2.03,0.25308642,14.24630542,2.57994999,0.562902799,0.07780083,1143.371,0.233930385,0.182721969,1.0,0.351227082,0.180865496,0.321522597,0.0,102.0,-2.04766700235,-0.883152173913,29.18,639545.2,645400.1,851447.0,0.216225985082,-0.0709964979306,0.0879940343028,0.0440071556351,57.2775952746,29.346,27.7118,0.26,46.8531468531,67.2140823208,False,0.0,2.0
35,ALGN,ALIGN TECHNOLOGY INC,USD,Healthcare,Medical Appliances & Equipment,NASDAQ,151.95,153.5,82.42,0.010200724,0.457584732,12004.05,758120.7,2.38,0.322222222,63.84453782,11.116158,1.981382208,0.0,1079.874,0.277222804,0.175651974,0.754989934,0.190560675,0.135860663,0.0,0.070119292,79.0,-0.90112798538,-0.90112798538,157.26,970583.2,868199.2,1425859.0,0.875118259224,0.84404315197,0.168177091071,0.0329742511823,58.6429378194,158.055,149.1158,5.31,60.3658536585,76.9380684481,False,0.0,1.0
36,PMD,PSYCHEMEDICS CORP,USD,Healthcare,Medical Laboratories & Research,NASDAQ,25.1799,27.455,13.491,0.090353814,0.464215505,125.8995,23952.0,1.23,3.392857143,20.47146341,3.22984864,0.060336945,0.02382853,38.98,0.445041705,0.171318625,0.550282196,0.427884923,0.266778523,0.216633562,0.036300667,5.0,,,,,,,,,,,,,,,,,,,
37,LOPE,"Grand Canyon Education, Inc.",USD,Services,Education & Training Services,NASDAQ,78.37,81.33,39.8,0.037769555,0.492152609,3605.02,254339.1,3.22,0.125874126,24.33850932,4.12783508,1.933559351,0.0,873.344,0.122261629,0.170052122,0.572790332,0.191956427,0.135940459,0.126992087,0.0,46.0,-7.03621965468,-4.26470588235,71.61,253565.4,223036.8,465591.0,0.768005540166,0.701758555133,-0.0472325705162,-0.0941176470588,27.9975726983,76.248,78.1832,-6.76,2.2109507088,17.8116819575,False,0.0,3.0
38,GRMN,GARMIN LTD,USD,Technology,Scientific & Technical Instruments,NASDAQ,51.17,53.53039304,41.64328514,0.046128455,0.186177738,10131.66,932646.2,2.71,0.133891213,18.88191882,3.356337984,1.410243312,0.049833887,3018.665,0.070346102,0.169218512,0.556394963,0.149448084,0.112883754,0.0,0.15502217,198.0,-1.29375951294,-0.708133971292,51.88,914444.8,1030909.4,1060923.0,0.10512544584,-0.0310048561823,0.0204563335956,0.0182531894014,55.0797442406,51.406,51.5242,0.71,71.1340206186,80.3787474819,False,0.0,2.0
39,CBM,CAMBREX CORP,USD,Healthcare,Biotechnology,NYSE,58.25,60.9,38.85,0.045493562,0.33304721,1864.0,232485.9,2.55,0.401098901,22.84313725,3.799088545,0.569513833,0.0,490.644,0.132274546,0.166471005,0.416238658,0.201461669,0.133490231,0.0,0.029129063,32.0,,1.10169491525,59.65,193401.4,172006.8,222981.0,0.470149253731,0.110387192852,0.0050547598989,-0.012417218543,59.1510997895,58.805,57.256,1.4,73.1343283582,70.3549110184,True,2.0,0.0
40,WY,WEYERHAEUSER CO,USD,Financial,REIT - Diversified,NYSE,32.01,34.63483948,28.1177801,0.082000609,0.121593874,22983.18,3884297.2,1.4,0.573033708,22.86428571,3.610868814,0.399004202,0.038737894,6365.0,0.213305376,0.161351139,0.232521603,0.111873638,0.053370057,0.775708061,0.002985075,718.0,,0.91391509434,34.23,2947034.2,2596568.6,3926864.0,0.18370901392,0.0574606116775,0.0106288751107,0.0310240963855,58.8417023328,33.828,33.339,2.22,91.3533834586,88.9473684211,True,3.0,0.0
41,AMAT,APPLIED MATERIALS INC,USD,Technology,Semiconductor Equipment & Materials,NYSE,43.54,47.42,24.64470868,0.089113459,0.433975455,48198.78,10882979.5,1.56,0.380530973,27.91025641,4.452543187,0.733455575,0.009186955,10825.0,0.12071643,0.158983834,0.416720554,0.238464736,0.118119423,0.433005404,0.142263279,1107.0,-2.97154899895,-2.97154899895,46.04,9623551.2,8532959.3,16770403.0,0.61871755974,0.729526671675,0.133710908643,0.0784727102366,55.0544069573,46.68,44.74,2.5,62.0098039216,85.5653406157,False,0.0,1.0
42,EFX,EQUIFAX INC,USD,Financial,Credit Services,NYSE,138.37,142.58,110.8980743,0.03042567,0.198539609,16466.03,474053.7,4.1,0.135734072,33.74878049,5.235788101,2.486389746,0.00953964,3144.9,0.1806953,0.155426246,0.645966485,0.183573065,0.07334934,1.003567807,0.0,119.0,-2.41433554476,-2.41433554476,142.68,639746.0,510916.8,1209175.0,0.181117759166,0.0688441081729,0.0544675190304,0.0227223854921,56.0823292151,142.916,139.093,4.31,54.1710665259,86.0080239916,False,0.0,1.0
43,NDSN,NORDSON CORP,USD,Industrial Goods,Diversified Machinery,NASDAQ,120.75,130.7662898,85.03621787,0.082950641,0.295766312,6882.75,447726.7,4.76,0.367816092,25.36764706,3.804738988,0.689682904,0.008198758,1808.994,0.071256246,0.150273025,0.549199721,0.319213295,0.112304763,1.159517991,0.0,57.0,,1.02852551225,125.73,261425.2,224009.3,227406.0,0.307422594954,0.421963356707,0.00423322683706,0.0379757285561,61.092756602,124.031,120.8502,4.98,83.3676975945,87.3470326436,True,1.0,0.0
44,COR,CoreSite Realty Corp,USD,Financial,REIT - Office,NYSE,103.07,111.0440497,63.25934151,0.07736538,0.386248748,3298.24,747813.7,1.56,0.485714286,66.07051282,8.238350252,1.360275264,0.023188125,400.352,0.201204949,0.146643454,0.696611981,0.134738345,0.040452614,1.584596742,0.0,32.0,-0.364622288706,-0.364622288706,106.57,337650.6,294228.7,495682.0,0.508549210001,0.295211473019,0.0891159938682,0.00870799810696,57.113311204,105.34,105.0778,3.5,64.9877149877,82.6218226333,False,0.0,1.0
45,SYK,STRYKER CORP,USD,Healthcare,Medical Appliances & Equipment,NYSE,141.12,144.261437,105.6405563,0.02226075,0.251413292,52778.88,957547.9,4.4,0.151832461,32.07272727,4.660386755,2.112376176,0.011054422,11325.0,0.138648703,0.145430464,0.661810155,0.172460733,0.080597015,0.723979058,0.063134658,374.0,-1.90002724053,-1.16638078902,144.05,1109014.0,979271.4,1459063.0,0.284930292968,0.25304453723,0.056317371856,0.0304005722461,52.9420535485,145.809,141.8316,2.93,48.0354879594,73.584770384,False,0.0,3.0
46,TYL,TYLER TECHNOLOGIES INC,USD,Technology,Technical & System Software,NYSE,172.35,177.15,141.13,0.027850305,0.181143023,6204.6,190401.6,3.01,0.584210526,57.25913621,8.206676075,0.980111341,0.0,756.043,0.279212957,0.145305227,0.470014272,0.119993446,0.080899447,0.010922695,0.057078764,36.0,-6.30342469531,-6.30342469531,169.9,259321.8,195646.0,583099.0,0.127928713858,0.023432323354,0.0385720398557,-0.0409257691222,40.4826105356,177.269,172.6308,-2.45,27.4351585014,77.1025660495,False,0.0,1.0
47,BCR,BARD C R INC,USD,Healthcare,Medical Instruments & Supplies,NYSE,318.41,318.41,203.3687403,0.0,0.361299142,23243.93,498155.2,7.15,2.972222222,44.53286713,6.258462574,0.149830207,0.003140605,3714.0,0.087236534,0.143080237,0.630667744,0.317234792,0.100148885,0.980060892,0.078836834,73.0,,0.0653798256538,321.41,400605.8,373755.0,668252.0,0.50370656875,0.433266443701,0.0453037595941,0.0169593418763,68.1967424137,321.158,315.0502,3.0,71.5596330275,79.0355514624,True,3.0,0.0
48,CTAS,CINTAS CORP,USD,Services,Business Services,NASDAQ,126.13,131.35,96.17294899,0.041385872,0.237509324,13495.91,447043.5,6.3,0.711956522,20.02063492,2.751202844,0.281205865,0.008324744,4905.458,0.095729934,0.141377217,0.434183719,0.376369149,0.169200122,0.702475065,0.0,107.0,-1.88542945893,-0.940850412078,135.82,1082828.4,744244.6,627318.0,0.332697732663,0.255500092439,0.109006287254,0.071473650994,66.4528747094,131.775,127.1564,9.69,75.4543016852,86.7976966486,False,0.0,4.0
49,COO,COOPER COMPANIES INC,USD,Healthcare,Medical Instruments & Supplies,NYSE,242.73,246.76,159.4737001,0.01660281,0.342999629,11651.04,446669.1,5.65,0.345238095,42.96106195,5.923813843,1.244389381,0.000247188,1966.814,0.094462066,0.139269397,0.596436165,0.101608799,0.0611613,0.494732547,0.033257339,48.0,-1.67045409241,-0.149791506417,246.64,310907.2,364467.0,294675.0,0.443867709716,0.363103791312,0.231168571856,0.0177016711368,53.3887687605,250.795,237.7756,3.91,37.0561652679,59.998829508,False,0.0,2.0
50,PAYC,"Paycom Software, Inc.",USD,Services,Business Services,NYSE,67.64,73.03,39.36,0.079686576,0.418095801,3855.48,582103.9,0.76,1.054054054,89.0,11.71376401,0.844358974,0.0,329.141,0.465108412,0.133195196,0.835736052,0.37622182,0.040644791,0.255940683,0.063699144,57.0,-3.40306834031,-2.13367246008,69.26,369306.0,360868.4,611283.0,0.365,0.452600671141,0.149543568465,-0.00659781985083,50.8972083119,69.91,68.1402,1.62,50.0665778961,78.4786824243,False,0.0,3.0
51,CERN,CERNER CORP,USD,Technology,Healthcare Information Services,NASDAQ,65.74,68.32,47.37,0.039245513,0.279434134,22154.38,1348227.9,1.88,0.197452229,34.96808511,4.618889755,1.77096431,0.0,4796.473,0.0838833,0.132698339,0.837564811,0.162039865,0.113052963,0.143522558,0.114963224,337.0,-3.37693945847,-1.70225936243,63.52,1524752.6,1288260.5,3014125.0,0.143181025462,0.0205655526992,-0.0189203799521,-0.0540580789278,35.5819438416,65.406,65.9583,-2.22,24.179180453,32.5194530609,False,0.0,3.0
52,ERIE,ERIE INDEMNITY CO,USD,Financial,Insurance Brokers,NASDAQ,123.65,127.07,94.12134007,0.027658714,0.23880841,5687.9,38336.3,4.52,0.205333333,27.35619469,3.56243866,1.332282209,0.017711282,1596.631,0.060526414,0.131756179,1.0,0.257514292,0.135811563,0.030316681,0.0,46.0,-1.43460588188,-0.201743060039,123.67,26693.6,33118.2,14017.0,0.240537321126,0.264778073226,-0.00193688967799,-0.0220623121936,51.2014552792,123.873,121.7234,0.02,50.4597701149,61.5172413793,False,0.0,3.0
53,APH,AMPHENOL CORP,USD,Technology,Diversified Electronics,NYSE,73.39,76.02,56.84869365,0.035835945,0.225389104,22604.12,1099661.7,2.67,0.08097166,27.48689139,3.59571774,3.394631086,0.007902984,6286.4,0.128881067,0.130901629,0.324510053,0.223924461,0.096826573,0.819260388,0.0,308.0,,1.20096076861,75.84,1571391.8,1212185.3,2035055.0,0.156433232947,0.281730606726,0.0488175909279,0.0097190786846,58.8667092685,75.337,74.709,2.45,64.0969162996,77.690685657,True,1.0,0.0
54,NCLH,Norwegian Cruise Line Holdings Ltd.,USD,Services,Resorts & Casinos,NASDAQ,54.68,55.78,34.4,0.020117045,0.37088515,12412.36,1178557.0,2.79,0.476190476,19.59856631,2.546469881,0.411569892,0.0,4874.34,0.121814995,0.129881174,0.415259297,0.139515916,0.048796774,1.41010872,0.0,227.0,-1.14798206278,-0.970350404313,55.11,914465.0,883936.9,1201890.0,0.478779840849,0.28282122905,0.0218802150936,-0.00307525325615,56.1957064656,54.852,52.8498,0.43,60.9375,78.3800213391,False,0.0,2.0
55,LLY,LILLY ELI & CO,USD,Healthcare,Drug Manufacturers - Major,NYSE,82.29,85.69451325,65.1097762,0.041372138,0.208776568,87062.82,2889418.1,2.59,0.140969163,31.77220077,4.102460171,2.253840492,0.024790376,21222.1,0.063300716,0.128997602,0.733537209,0.195435368,0.070545974,0.73568109,0.247096187,1058.0,,1.44183773216,83.02,6567772.0,4371389.7,5560076.0,0.148506700911,0.00108525262269,0.0116987570071,-0.000962695547533,50.4417764427,83.712,81.5632,0.73,47.268907563,53.6645561301,True,2.0,0.0
56,VEEV,VEEVA SYSTEMS INC,USD,Services,Business Services,NYSE,62.35,68.07,33.86,0.091740176,0.456936648,8417.25,1615050.0,0.51,0.243902439,122.254902,15.47166309,5.01245098,0.0,544.043,0.329460121,0.12646243,0.68075869,0.105417266,0.074997602,0.0,0.177835208,135.0,,,,,,,,,,,,,,,,,,,
57,WEC,"WEC ENERGY GROUP, INC.",USD,Utilities,Electric Utilities,NYSE,60.92,64.23,53.62968446,0.054333552,0.119670314,19189.8,1349612.9,2.98,0.262711864,20.44295302,2.568124941,0.778151115,0.032501641,7472.3,0.260913586,0.125824713,0.327168342,0.105287912,0.031211823,1.139510403,0.0,315.0,-0.191632066432,-0.191632066432,62.5,1286310.4,1461181.8,1308926.0,0.0908903774817,-0.0260246220976,0.0327164573695,0.00498472423219,53.3105788187,62.36,62.4008,1.58,66.99669967,72.2084992004,False,0.0,1.0
58,HXL,HEXCEL CORP,USD,Industrial Goods,Aerospace/Defense Products & Services,NYSE,53.83,55.51200347,41.13069543,0.031246581,0.235915002,4952.36,550614.0,2.69,0.084677419,20.01115242,2.470867635,2.363221809,0.007988111,2004.3,0.07688588,0.124632041,0.281694357,0.200658687,0.104057319,0.553217126,0.023399691,92.0,-6.70809723999,-0.390320062451,51.04,1083635.0,798834.9,583693.0,0.167053322712,0.179297597043,-0.0137198067633,-0.036617591544,32.8513400416,53.549,52.215,-2.79,12.3006833713,43.8763765767,False,0.0,4.0
59,FICO,FAIR ISAAC CORP,USD,Technology,Business Software & Services,NYSE,140.58,140.58,111.3835367,0.0,0.207685754,4357.98,179056.2,3.52,0.28,39.9375,4.944630773,1.426339286,0.000569071,881.356,0.050758184,0.124181375,0.699130658,0.244944363,0.089661794,1.277055153,0.117624433,31.0,-1.0649993129,-0.93567251462,143.99,123704.6,107656.8,133610.0,0.245296766667,0.245588235294,0.062813699439,0.0263739396963,62.5541317215,143.223,137.3278,3.41,71.9570405728,87.2627898441,False,0.0,2.0
60,AOS,SMITH A O CORP,USD,Industrial Goods,Industrial Electrical Equipment,NYSE,57.25,57.52,43.56895621,0.004716157,0.238970197,9904.25,633736.5,1.87,0.176100629,30.61497326,3.687497673,1.738493125,0.008384279,2685.9,0.058900059,0.121560743,0.416731822,0.215468884,0.1129367,0.213555072,0.0,173.0,-6.37374088225,-0.516700498247,53.91,7981373.8,4384218.5,1715485.0,0.236903868222,-0.423853799295,0.000556792873051,-0.0458407079646,29.4679292472,56.095,55.958,-3.34,8.06992120279,8.68065631501,False,0.0,6.0
61,ACN,Accenture plc,USD,Technology,Information Technology Services,NYSE,124.21,127.77,107.5532524,0.028661138,0.134101502,77507.04,2153430.4,6.58,0.351129363,18.8768997,2.2273635,0.537605272,0.017711939,34797.661,0.057216162,0.118165758,0.295348213,0.502100771,0.1995192,0.00332504,0.0,624.0,-1.04239054899,-1.04239054899,128.16,1759213.8,1807725.1,2096970.0,0.121871490384,0.143468950749,0.0565539983512,0.0357200581865,59.3730866233,128.029,125.125,3.95,76.3076923077,90.9342261002,False,0.0,1.0
62,ABMD,ABIOMED INC,USD,Healthcare,Medical Appliances & Equipment,NASDAQ,142.05,145.94,102.51,0.027384724,0.278352693,6108.15,250956.0,1.21,0.344444444,117.3966942,13.71680919,3.408291122,0.0,445.304,0.351277375,0.117034655,0.84139599,0.115282776,0.094685092,0.036140341,0.149080179,43.0,-3.59406608227,-1.45437000276,142.97,493472.4,356339.2,666744.0,0.402364066194,0.242893158307,0.0970687538367,0.00393230812443,49.0695855458,145.005,141.5686,0.92,31.7987152034,69.0812075549,False,0.0,2.0
63,NKE,NIKE INC,USD,Consumer Goods,Textile - Apparel Footwear & Accessories,NYSE,57.98,59.45278424,49.12172278,0.025401591,0.152781601,97638.32,13210720.4,2.21,0.163157895,26.23529412,3.015762293,1.607969639,0.00793377,32376.0,0.05800464,0.116135409,0.462410427,0.306738457,0.175873521,0.16625877,0.0,1684.0,-2.08789358478,-0.35983550377,58.15,7350670.6,7074827.5,8099235.0,0.209037400118,0.04869251578,0.0494495578415,0.0897676161919,56.1621605867,58.511,54.845,0.17,29.0508149569,63.3663919476,False,0.0,2.0
64,MLM,MARTIN MARIETTA MATERIALS INC,USD,Industrial Goods,General Building Materials,NYSE,227.9,241.0902001,168.2305573,0.05787714,0.261822916,14357.7,641587.6,6.66,0.545243619,34.21921922,3.759791492,0.627595042,0.007196139,3818.749,0.078873705,0.111394072,0.238027165,0.102750788,0.058264832,0.407294193,0.0,63.0,-1.0302498904,-0.791034937376,225.75,497588.6,399396.8,576348.0,0.189345118984,0.0974720466699,0.0252509196603,-0.0068191816982,49.7840459439,224.945,227.2262,-2.15,60.6481481481,71.1557067271,False,0.0,2.0
65,HAS,HASBRO INC,USD,Consumer Goods,Toys & Games,NASDAQ,111.93,112.0,74.81192109,0.000625391,0.331618681,13879.32,696973.4,4.4,0.218836565,25.43863636,2.764902819,1.162449079,0.017778969,5019.822,0.128681696,0.109840548,0.620410046,0.296005446,0.108297066,0.923895818,0.053064631,124.0,,0.508953817154,106.64,2388755.0,1441762.3,966515.0,0.308563061216,0.316705766144,0.0759761880739,-0.0377188233171,40.0024672332,110.833,108.7706,-5.29,23.642172524,34.0840073942,True,1.0,0.0
66,CMCSA,COMCAST CORP,USD,Services,Entertainment - Diversified,NASDAQ,38.57,41.82129641,29.96267036,0.084295992,0.223161256,184557.45,18841016.0,1.8,0.097560976,21.42777778,2.295405022,2.196347222,0.017630283,80403.0,0.079090055,0.108142731,1.0,0.161188662,0.048171745,1.131676028,0.0,4785.0,,0.203303684879,39.43,23325687.8,18313994.6,51152541.0,0.309595383554,-0.41895078102,0.00599566271208,-0.01078775715,49.3423121975,39.404,39.9625,0.86,52.8735632184,70.7805498173,True,1.0,0.0
67,ROL,ROLLINS INC,USD,Services,Business Services,NYSE,40.92,43.66,27.04766256,0.066959922,0.339011179,8920.56,667982.5,0.77,0.1,53.14285714,5.669329771,5.314285714,0.012218964,1573.477,0.059362892,0.106368889,0.509145669,0.294381271,0.182609995,0.0,0.0,218.0,-0.505863416877,-0.505863416877,43.27,544421.4,436855.3,582661.0,0.379720050893,0.555355859094,0.114344578934,0.0538236726741,67.1847555078,41.689,41.9584,2.35,81.5476190476,85.8439949132,False,0.0,1.0
68,BR,"BROADRIDGE FINANCIAL SOLUTIONS, INC.",USD,Technology,Information & Delivery Services,NYSE,75.23,77.31069253,59.70392144,0.02765775,0.206381478,8877.14,332186.4,2.6,0.087866109,28.93461538,3.064252675,3.293034799,0.015951083,2897.0,0.075272808,0.106144287,0.317949603,0.294117647,0.107042155,0.971305595,0.0,118.0,-1.5131750587,-0.762355415352,75.5,404261.0,353018.9,444646.0,0.212524672259,0.116038433112,0.079496711467,-0.00684030518285,51.392721358,75.489,75.3206,0.27,53.7162162162,72.5698198198,False,0.0,2.0
69,RHT,RED HAT INC,USD,Technology,Application Software,NYSE,96.55,99.42,68.71,0.029725531,0.288348006,17282.45,1818778.6,1.41,0.293577982,68.47517731,7.165780124,2.332435727,0.0,2411.803,0.175210868,0.105192257,0.853065114,0.203398486,0.055941048,0.597788058,0.199298201,179.0,-1.73835303467,-1.73835303467,98.92,1021656.2,953259.3,1562411.0,0.303417688495,0.32903399167,0.123069936421,0.0217952690838,58.9685342858,99.163,93.6478,2.37,48.2949308756,84.1742867601,False,0.0,1.0
70,MHK,MOHAWK INDUSTRIES INC,USD,Industrial Goods,Textile Industrial,NYSE,245.75,246.65,176.98,0.003662258,0.279837233,18185.5,387432.5,12.55,0.499402628,19.58167331,2.029838532,0.392101927,0.0,8959.087,0.109956894,0.103845626,0.313963354,0.161061178,0.090939179,0.434779937,0.0,74.0,-2.7659921671,-0.745429558989,238.34,729690.8,558338.7,882387.0,0.348027712594,0.151400966184,0.0151198943737,-0.0229564647044,38.7526803482,244.203,241.2438,-7.41,14.1660319878,24.7604599516,False,0.0,4.0
71,COH,COACH INC,USD,Consumer Goods,Textile - Apparel Footwear & Accessories,NYSE,47.68,47.68,33.6978063,0.0,0.293250707,13207.36,2132753.4,1.66,0.136986301,28.72289157,2.940326818,2.096771084,0.028313758,4491.8,0.071619429,0.102520148,0.67930451,0.171642626,0.094119811,0.326586902,0.0,277.0,,0.167049488411,47.97,2751196.2,2127321.6,4513339.0,0.355944070208,0.120794392523,0.217821782178,0.0135220790196,56.3846989367,48.158,46.81,0.29,57.6923076923,76.7684373878,True,3.0,0.0
72,INGN,Inogen Inc,USD,Healthcare,Medical Instruments & Supplies,NASDAQ,94.86,96.23,50.13,0.014442336,0.471537002,1897.2,157284.8,1.02,0.7,93.0,9.353692026,1.328571429,0.0,202.829,0.275613974,0.101164035,0.479763742,0.112687272,0.095861228,0.0,0.025208427,20.0,-2.25010369141,-1.48395861637,94.27,116444.8,110511.0,156764.0,0.841864018335,0.787447857414,0.137290384847,-0.00105965878987,50.2130393247,95.461,92.152,-0.59,39.3772893773,62.1978021978,False,0.0,2.0
73,WST,WEST PHARMACEUTICAL SERVICES INC,USD,Healthcare,Medical Instruments & Supplies,NYSE,95.73,99.44,70.34797078,0.038754831,0.265141849,6988.29,266413.7,1.96,0.473684211,48.84183673,4.630766682,1.031105442,0.005118563,1509.1,0.078082583,0.095156053,0.332052217,0.128501119,0.083648861,0.204563758,0.024385395,73.0,-2.32902816007,-0.442430128413,92.26,852205.4,519146.5,3065014.0,0.277802675506,0.15325,0.00249918504835,-0.041255325782,39.1474845734,93.5,95.6644,-3.47,78.7138263666,40.9279504585,False,0.0,2.0
74,EXLS,"ExlService Holdings, Inc.",USD,Services,Business Services,NASDAQ,54.88,56.56,43.31,0.030612245,0.210823615,1811.04,182695.6,1.84,0.187096774,29.82608696,2.640046182,1.594152924,0.0,685.988,0.091482469,0.08999137,0.346991493,0.116042746,0.087375164,0.085588879,0.0,33.0,,1.20416966211,56.31,165103.0,139787.8,180587.0,0.27891000687,0.156500308071,0.180255711591,-0.00442008486563,64.8749633862,55.285,53.7932,1.43,63.2890365449,75.4841885401,True,1.0,0.0
75,EEFT,EURONET WORLDWIDE INC,USD,Services,Business Services,NASDAQ,87.23,89.6,70.59,0.027169552,0.19076006,4535.96,187829.1,3.34,0.767195767,26.11676647,2.315901798,0.340418542,0.0,1958.615,0.105149803,0.089050171,0.400318592,0.193891606,0.064291644,0.671543184,0.0,52.0,,1.33757961783,95.46,347028.8,272942.3,312283.0,0.173429402098,0.259034555526,0.155410312273,0.0903483723587,72.8638788222,91.807,87.9512,8.23,94.2307692308,90.4998317541,True,0.0,0.0
76,FBHS,"Fortune Brands Home & Security, Inc.",USD,Consumer Goods,Home Furnishings & Fixtures,NYSE,65.93,66.05,51.85060439,0.001820112,0.213550669,10153.22,879407.5,2.68,0.360406091,24.60074627,2.036795121,0.682584087,0.009707265,4984.9,0.088548718,0.082890329,0.36201328,0.174973534,0.080569367,0.606013127,0.0,154.0,-0.28818443804,-0.257927476862,65.74,602792.6,760546.6,679715.0,0.246984230414,0.0297619047619,0.0313774709758,-0.00197358433278,49.9843932087,66.284,64.777,-0.19,18.5185185185,34.0796913524,False,0.0,2.0
77,NUTR,NUTRACEUTICAL INTERNATIONAL CORP,USD,Healthcare,Drug Manufacturers - Major,NASDAQ,41.7,42.15,23.27553508,0.010791367,0.441833691,375.3,62795.4,2.0,0.257861635,20.85,1.610812574,0.808573171,0.0,232.988,0.076261439,0.080081378,0.506674163,0.108483051,0.079107926,0.252921681,0.0,9.0,,0.120048019208,41.7,127331.8,108243.3,395841.0,0.490664057114,0.622568093385,0.315457413249,0.0,65.6823376194,41.655,40.901,0.0,31.5789473684,25.2631578947,True,0.0,0.0
78,PHM,PULTEGROUP INC,USD,Industrial Goods,Residential Construction,NYSE,24.94,24.94,17.7866508,0.0,0.286822342,8454.66,5857781.0,1.76,0.275362319,14.17045455,1.102521544,0.514611244,0.014434643,7668.476,0.281932823,0.078594886,0.252959519,0.12935309,0.059215087,0.738649682,0.0,339.0,,0.28818443804,24.36,5103451.2,4766737.8,4328761.0,0.333770899158,0.121546961326,0.0745478606087,-0.00530828909759,51.8889743384,24.355,23.911,-0.58,40.4411764706,41.4695302581,True,1.0,0.0
79,BDX,BECTON DICKINSON & CO,USD,Healthcare,Medical Instruments & Supplies,NYSE,197.79,197.79,160.8286186,0.0,0.186871841,41931.48,1229503.8,4.59,0.33819242,43.09150327,3.359086758,1.274171174,0.01334749,12483.0,0.214063412,0.078186333,0.479932708,0.127865846,0.038145861,1.513297524,0.066330209,212.0,-1.92578903856,-0.517955801105,201.67,1330400.0,1161778.2,1338505.0,0.242855507345,0.146112752898,0.0786222388618,0.0346826740547,59.5024285718,202.656,194.1856,3.88,52.4448705657,78.2384708556,False,0.0,3.0
80,LH,LABORATORY CORP OF AMERICA HOLDINGS,USD,Healthcare,Medical Laboratories & Research,NYSE,151.45,154.14,121.63,0.017761638,0.196896666,15599.35,796686.7,7.14,0.611738149,21.21148459,1.617887739,0.346741243,0.0,9641.8,0.110793654,0.075929806,0.329865793,0.132968869,0.051386257,1.062425079,0.0,103.0,-0.663895265868,-0.663895265868,160.1,910542.2,679322.2,942388.0,0.267301946217,0.15587322215,0.142347484838,0.0466104464928,71.6911293304,156.406,147.1846,8.65,71.3490959666,84.8905219515,False,0.0,1.0
81,NVR,NVR INC,USD,Industrial Goods,Residential Construction,NYSE,2497.79,2497.79,1497.19,0.0,0.400594125,7493.37,28115.9,110.53,0.160907468,22.5982991,1.312502594,1.404428236,0.0,5709.223,0.127146608,0.074486843,0.175393744,0.326010912,0.160843861,0.457249504,0.0,3.0,-1.32515099256,-1.32515099256,2643.44,44433.8,33826.5,22112.0,0.773025704963,0.53688372093,0.252073416223,0.0810819653359,66.0600215661,2578.985,2432.707,145.65,78.2989346366,90.5090705486,False,0.0,1.0
82,DHI,HORTON D R INC,USD,Industrial Goods,Residential Construction,NYSE,35.79,35.79,27.06043822,0.0,0.243910639,13313.88,3512407.2,2.39,0.165853659,14.9748954,1.095125603,0.902898105,0.008941045,12157.4,0.123189209,0.072902101,0.218369059,0.130482149,0.076676846,0.481604711,0.0,372.0,-2.51351351351,-0.606227610912,36.07,3776418.2,3284384.5,4714725.0,0.303858145129,0.0690574985181,0.0966859227729,0.0525240735337,54.4535467623,36.529,34.5534,0.28,27.5132275132,64.4167723411,False,0.0,2.0
83,MPX,MARINE PRODUCTS CORP,USD,Consumer Goods,Recreational Vehicles,NYSE,15.41,15.61,8.199047034,0.012978585,0.467939842,585.58,73928.7,0.44,0.128205128,35.02272727,2.426469979,2.731772727,0.015574302,241.33,0.165501954,0.069386317,0.209120292,0.255863702,0.189151332,0.0,0.0,38.0,,1.89340813464,14.53,52163.2,40745.6,77107.0,0.642106020557,0.607300884956,0.214882943144,-0.0472131147541,45.2854872051,15.014,14.3754,-0.88,20.7373271889,17.2507957785,True,1.0,0.0
84,OC,Owens Corning,USD,Industrial Goods,General Building Materials,NYSE,65.88,67.38,46.24765519,0.02276867,0.298001591,7510.32,778096.7,3.44,0.219858156,19.15116279,1.322938172,0.871069017,0.011232544,5677.0,0.061121495,0.069226704,0.243262286,0.102104443,0.050768635,0.546115874,0.014444249,114.0,-0.176315016162,-0.176315016162,67.94,1371569.2,988862.5,1337284.0,0.370566897524,0.25559046387,0.116516023007,0.00831107153458,63.7055956303,65.733,64.7742,2.06,82.4847250509,36.4336868993,False,0.0,1.0
85,NTRI,NUTRI SYSTEM INC,USD,Services,Consumer Services,NASDAQ,52.3,56.14698919,25.34950413,0.073556199,0.515305848,1516.7,291639.1,1.2,0.333333333,43.58333333,2.780634741,1.3075,0.013384321,545.451,0.179075634,0.065026923,0.528841271,0.375238035,0.229959803,0.0,0.0,29.0,-11.9936457506,-11.9936457506,55.4,996592.2,743527.6,2947998.0,0.969738999192,0.861559139785,0.0364826941066,0.0403755868545,49.597378782,58.68,52.596,3.1,22.6626241712,81.3748248063,False,0.0,1.0
86,MC,Moelis & Co,USD,Financial,Asset Management,NYSE,38.85,39.15,22.41080014,0.007722008,0.423145428,1981.35,224918.8,1.83,0.109090909,21.2295082,3.230253043,1.946038251,0.052509653,613.373,0.111458822,0.062583452,1.0,0.181203238,0.064106546,0.0,0.0,51.0,-7.99086757991,-2.89156626506,40.3,952898.8,552575.2,690283.0,0.777906128949,0.60878243513,0.0980926430518,0.0426908150065,53.4263417618,40.685,38.229,1.45,27.6054097056,66.0664533929,False,0.0,2.0
87,FAF,First American Financial Corp,USD,Financial,Property & Casualty Insurance,NASDAQ,44.72,45.43,34.8902818,0.015876565,0.219805863,4919.2,670785.2,3.1,0.169811321,14.42580645,0.882233835,0.849519713,0.026833631,5575.846,0.077363231,0.061514073,0.912371862,0.114020143,0.038836239,0.244896663,0.0,110.0,,4.12081984898,48.26,605089.4,519261.5,830074.0,0.231632356684,0.156205079061,0.111725408892,0.0729212983548,80.7753967026,46.149,44.4892,3.54,93.9675174014,91.612780729,True,1.0,0.0
88,BC,BRUNSWICK CORP,USD,Consumer Goods,"Recreational Goods, Other",NYSE,62.46,63.37,41.80340914,0.014569324,0.330717113,5683.86,741135.9,3.03,0.165384615,20.61386139,1.266316141,1.246419526,0.00976625,4488.5,0.093236233,0.061490476,0.272941963,0.191653357,0.084025938,0.307200889,0.031012588,91.0,-6.96680907,-5.6647784072,56.62,1815170.6,1556833.6,3180291.0,0.434777458462,0.148478701826,-0.00229074889868,-0.103262591067,33.3704956526,60.95,59.647,-5.84,18.119266055,28.2436466905,False,0.0,2.0
89,MLHR,MILLER HERMAN INC,USD,Consumer Goods,Business Equipment,NASDAQ,34.1,35.56040549,26.72442206,0.042827141,0.216292608,2011.9,692094.2,2.28,0.390243902,14.95614035,0.888295289,0.383251096,0.017302053,2264.9,0.057277565,0.060355866,0.385977306,0.260678871,0.110670337,0.423150267,0.034041238,59.0,,1.65165165165,33.85,384891.0,405875.5,448962.0,0.235789917315,0.0335877862595,0.0226586102719,0.10081300813,59.115353453,33.79,32.112,-0.25,48.275862069,46.7739704571,True,2.0,0.0
90,TXRH,"Texas Roadhouse, Inc.",USD,Services,Restaurants,NASDAQ,50.91,51.4961961,37.39756123,0.011514361,0.265418165,3563.7,566204.2,1.64,0.188405797,31.04268293,1.790161721,1.647650094,0.014928305,1990.714,0.101443646,0.058068613,0.213975991,0.154084236,0.097966814,0.070042894,0.0,70.0,-3.38011464716,-1.07265735681,48.88,726519.8,536341.7,909776.0,0.266835206591,0.0384533673253,0.042662116041,-0.044005476237,38.9983927294,50.058,49.93,-2.03,11.4656655717,33.953874927,False,0.0,2.0
91,TTS,"TILE SHOP HOLDINGS, INC.",USD,Services,Home Furnishing Stores,NASDAQ,20.05,21.8,15.15301421,0.087281796,0.244238693,1022.55,201438.7,0.36,0.161290323,55.69444444,3.154489954,3.453055556,0.0,324.157,0.106386973,0.056956968,0.69995712,0.132923923,0.069599997,0.209569543,0.0,51.0,,2.78745644599,14.75,1110439.8,1530503.2,756717.0,-0.174072772857,-0.142441860465,-0.309133489461,-0.289156626506,29.0437213415,15.4725,19.314,-5.3,20.0,8.00985221675,True,0.0,0.0
